TRACK_ID,TITLE,ARTISTS,GENRES,DURATION_MS,ALBUM_ID,OVRD_AUDIO_FILE,OVRD_ART_FILE,VIEW
1,MIKO,Phantom Sage,Melodic Dubstep,305006,,,,"featured, discover"
2,Safe & Sound,Different Heaven,House,204308,id:1,,,
3,Savage,Paul Flint,Dubstep,211600,id:1,,,
4,Puzzle,RetroVision,House,170057,id:1,,,
5,Feel Good,Syn Cole,House,181995,id:1,,,
6,Close,"IZECOLD, Molly Ann, Brooks",Future House,230156,id:1,,,featured
7,Roots,Tobu,House,190041,id:1,,,
8,Love U,Razihel,Dubstep,262975,id:1,,,
9,Identity,Glude,Indie Dance,200464,id:1,,/ARTWORK/ncs-best-of-2016.webp,
10,C U Again,"Cartoon, Jéja, Futuristik, Mikk Mäe",Drum & Bass,202971,id:1,,/ARTWORK/ncs-best-of-2016.webp,
11,Feels Right,"JPB, MYRNE, Yung Fusion",Trap,200020,id:1,,,
12,Pain,"Ship Wrek, Mia Vaile",Trap,210667,id:1,,,featured
13,Earth,K-391,Drumstep,233353,id:1,,,
14,We Are,"Jo. Cohen, Sex Whales",Trap,236983,id:1,,,discover
15,Spirit Of Things,Floatinurboat,Melodic Dubstep,253331,id:1,,/ARTWORK/ncs-best-of-2016.webp,
16,Crystal Clouds,Phantom Sage,Melodic Dubstep,264010,id:1,,,discover
17,I Remember U,"Cartoon, Jéja, Jüri Pootsmann",Drum & Bass,216111,id:1,,,
18,サカサカバンバンバスピスピス,やかもち,,93809,,,/ARTWORK/sacabambaspis.webp,
19,ニンゲントハオロカナモノデス,"やかもち, ふぉん",,85728,,,/ARTWORK/sacabambaspis.webp,
20,Invincible,DEAF KEV,Glitch Hop,273084,,,,
21,My Heart,"Different Heaven, EH!DE",Drumstep,267102,,,,
22,Blank,Disfigure,Melodic Dubstep,209058,,,,
23,Halcyon,JJD,House,293016,,,,discover
24,Adventure,JJD,Glitch Hop,297630,,,,featured
25,Numb,Linkedin Park,,187524,,,,
26,กับข้าวเพชฌฆาต,ขวัญจิต ศรีประจันต์,,169924,,,,
27,Tunak Tunak Tun,Daler Mehndi,,303137,,,,
28,Never Gonna Give You Up,Rick Astley,,213577,,,,
29,Ievan Polkka,Riikka,,205729,,,,discover
30,乙女解剖,DECO*27,,223446,,,,
31,You Spin Me Round (Like a Record),Dead or Alive,,196046,,,,
32,Protectors of the Earth,"Thomas Bergersen, Two Steps From Hell",,169761,,,,
33,Deutschland,Rammstein,,322339,,,,"featured, discover"
34,Bless 'Em with the Blade,Powerwolf,,167811,id:2,,/ARTWORK/powerwolf--wake-up-the-wicked.webp,
35,Sinners of the Seven Seas,Powerwolf,,180976,id:2,,/ARTWORK/powerwolf--wake-up-the-wicked.webp,
36,Kyrie Klitorem,Powerwolf,,183879,id:2,,/ARTWORK/powerwolf--wake-up-the-wicked.webp,
37,Heretic Hunters,Powerwolf,,207029,id:2,,/ARTWORK/powerwolf--wake-up-the-wicked.webp,
38,1589,Powerwolf,,244831,id:2,,/ARTWORK/powerwolf--wake-up-the-wicked.webp,
39,Viva Vulgata,Powerwolf,,188360,id:2,,/ARTWORK/powerwolf--wake-up-the-wicked.webp,
40,Wake Up the Wicked,Powerwolf,,219359,id:2,,/ARTWORK/powerwolf--wake-up-the-wicked.webp,discover
41,Joan of Arc,Powerwolf,,200969,id:2,,/ARTWORK/powerwolf--wake-up-the-wicked.webp,
42,Thunderpriest,Powerwolf,,201689,id:2,,/ARTWORK/powerwolf--wake-up-the-wicked.webp,
43,We Don't Wanna Be No Saints,Powerwolf,,195698,id:2,,/ARTWORK/powerwolf--wake-up-the-wicked.webp,
44,Vargamor,Powerwolf,,237261,id:2,,/ARTWORK/powerwolf--wake-up-the-wicked.webp,
45,The Only Thing They Fear Is You,Mick Gordon,,412711,,,,discover
46,Fichtl's Lied,Die Woodys,,173360,,,,
47,Moskau,Dschingis Khan,,269978,,,,discover
48,Katioucha,"Red Army Choir, Boris Alexandrov",,151324,,,,discover
49,Korobeiniki,Red Army Choir,,291016,,,,
50,包青天,莊學忠,,212811,,,,discover
51,แตงโมจินตหรา,จินตหรา พูนลาภ,,213020,,,,"featured, discover"
52,All The Things She Said,t.A.T.u.,,214460,,,,
53,Bring Me To Life,Evanescence,,235915,,,,
54,Down with the Sickness,Disturbed,,277850,,,,
55,Zombie,Bad Wolves,,254816,,,,"featured,discover"
56,Still Alive,Aperture Science Psychoacoustic Laboratories,,177215,,,,
57,Still Alive (Idun Sessions),Lisa Miskovsky,,258206,,,,
58,Still Alive,Lisa Miskovsky,,274553,,,,discover
59,Venom of Venus,"Ad Infinitum, Matthew Greywolf",,198925,,,,
60,Crazy in Love,"Beyoncé, JAY-Z",,249080,,,,
61,Soda Pop,"Saja Boys, Andrew Choi, Neckwav, Danny Chung, Kevin Woo, samUIL Lee, KPop Demon Hunters Cast",,150744,,,,
62,ラグトレイン,稲葉曇,,251402,,,,
63, D (evil) feat. yama,Haruno,,161448,,,,
64,Tell Me About You,Tatsuya Kitani,,149420,,,,
65,Da Coconut Nut,Smokey Mountain,,217176,,,,
66,Da Coconut Nut (The Coconut Song),"The San Miguel Master Chorale, Ryan Cayabyab",,213043,,,,
67,Bailando,Paradisio,,229622,,,,discover
